site,family,species,count
fonadhoo_inside,BUT,AUR,5
fonadhoo_inside,BUT,FAL,6
fonadhoo_inside,BUT,LUN,6
fonadhoo_inside,BUT,TFT,24
fonadhoo_inside,BUT,TRI,6
fonadhoo_inside,EMP,AUR,3
fonadhoo_inside,EMP,MONO,14
fonadhoo_inside,EMP,OBS,1
fonadhoo_inside,GRO,EPH,2
fonadhoo_inside,GRO,ARG,35
fonadhoo_inside,GRO,FUS,1
fonadhoo_inside,GRO,LEA,1
fonadhoo_inside,GRO,LEO,3
fonadhoo_inside,GRO,LEU,2
fonadhoo_inside,GRO,MIN,4
fonadhoo_inside,GRO,ROG,7
fonadhoo_inside,GRO,SON,2
fonadhoo_inside,PAR,3COLOUR,1
fonadhoo_inside,PAR,DUSKY,4
fonadhoo_inside,PAR,GFACE,1
fonadhoo_inside,PAR,LNOSE,5
fonadhoo_inside,PAR,SORDID,25
fonadhoo_inside,SNAP,FUR,3
fonadhoo_inside,SNAP,GIB,50
fonadhoo_inside,SNAP,IND,1
fonadhoo_inside,SNAP,MID,3
fonadhoo_inside,SNAP,MONOS,12
fonadhoo_inside,SNAP,RED,2
fonadhoo_inside,SL,ORI,1
fonadhoo_inside,TRIG,STR,11
fonadhoo_inside,TRIG,SUFC,1
fonadhoo_outside,BUT,AUR,3
fonadhoo_outside,BUT,CIT,2
fonadhoo_outside,BUT,GUT,13
fonadhoo_outside,BUT,MEY,1
fonadhoo_outside,BUT,TFT,5
fonadhoo_outside,BUT,TRI,1
fonadhoo_outside,BUT,XAN,2
fonadhoo_outside,EMP,AUR,31
fonadhoo_outside,EMP,MONO,10
fonadhoo_outside,GRO,EPH,1
fonadhoo_outside,GRO,ARG,18
fonadhoo_outside,GRO,COE ,1
fonadhoo_outside,GRO,LEA,1
fonadhoo_outside,GRO,LEU,1
fonadhoo_outside,GRO,LOU,1
fonadhoo_outside,GRO,ROGA,3
fonadhoo_outside,GRO,SON,1
fonadhoo_outside,PAR,BLTIP,2
fonadhoo_outside,PAR,ECLIPSE,2
fonadhoo_outside,PAR,LNOSE,1
fonadhoo_outside,PAR,SCABER,7
fonadhoo_outside,PAR,SORDID,30
fonadhoo_outside,SNAP,BLACK,5
fonadhoo_outside,SNAP,CHECK,2
fonadhoo_outside,SNAP,FUR,2
fonadhoo_outside,SNAP,GIB,64
fonadhoo_outside,SNAP,KAS,22
fonadhoo_outside,SNAP,MONO,8
fonadhoo_outside,SNAP,RED,8
fonadhoo_outside,SL,ORI,5
fonadhoo_outside,TRIG,IND,4
fonadhoo_outside,TRIG,STR,5
fushikandhoo,BUT,AUR,7
fushikandhoo,BUT,COL,132
fushikandhoo,BUT,GUT,19
fushikandhoo,BUT,KLE,23
fushikandhoo,BUT,LN,6
fushikandhoo,BUT,LUN,22
fushikandhoo,BUT,MEY,15
fushikandhoo,BUT,PHA,3
fushikandhoo,BUT,PYR,2
fushikandhoo,BUT,TFT,8
fushikandhoo,BUT,TRI,2
fushikandhoo,BUT,XAN,3
fushikandhoo,EMP,MONO,1
fushikandhoo,EMP,OLI,5
fushikandhoo,GRO,EPH,3
fushikandhoo,GRO,ALBO,7
fushikandhoo,GRO,ARE,6
fushikandhoo,GRO,ARG,43
fushikandhoo,GRO,COE,10
fushikandhoo,GRO,LEA,6
fushikandhoo,GRO,LEO,4
fushikandhoo,GRO,LOU,1
fushikandhoo,GRO,MAC,3
fushikandhoo,GRO,MER,2
fushikandhoo,GRO,MIN,24
fushikandhoo,GRO,POL,4
fushikandhoo,GRO,ROG,15
fushikandhoo,GRO,SON,52
fushikandhoo,GRO,SPIL,20
fushikandhoo,PAR,3 COLOUR,3
fushikandhoo,PAR,BIC,2
fushikandhoo,PAR,DUSKY,1
fushikandhoo,PAR,EMBER,4
fushikandhoo,PAR,FESTIVE,4
fushikandhoo,PAR,FRENATUS,2
fushikandhoo,PAR,GSNOUT,3
fushikandhoo,PAR,SCABER,2
fushikandhoo,PAR,SHEEP,2
fushikandhoo,PAR,SORDID,53
fushikandhoo,SNAP,BLACK,11
fushikandhoo,SNAP,FUL,2
fushikandhoo,SNAP,FUR,14
fushikandhoo,SNAP,GIB,21
fushikandhoo,SNAP,KAS,48
fushikandhoo,SNAP,MID,1
fushikandhoo,SNAP,MONOS,23
fushikandhoo,SNAP,RED,17
fushikandhoo,SL,GREY,2
fushikandhoo,SL,HAR,2
fushikandhoo,SL,ORI,12
fushikandhoo,TRIG,CLN,3
fushikandhoo,TRIG,IND,37
fushikandhoo,TRIG,OCN,2
fushikandhoo,TRIG,STR,32
fushikandhoo,TRIG,SUFB,5
fushikandhoo,TRIG,SUFC,1
fushikandhoo,TRIG,TIT,1
fushikandhoo,TRIG,UNKNOWN,5
gadhoo_inside,BUT,AUR,3
gadhoo_inside,BUT,CIT,2
gadhoo_inside,BUT,GUT,3
gadhoo_inside,BUT,MEL,1
gadhoo_inside,BUT,MEY,3
gadhoo_inside,BUT,PHA,4
gadhoo_inside,BUT,PYR,3
gadhoo_inside,BUT,TFT,18
gadhoo_inside,BUT,TRI,8
gadhoo_inside,BUT,XAN,4
gadhoo_inside,EMP,MONO,7
gadhoo_inside,GRO,EPH,1
gadhoo_inside,GRO,ARG,23
gadhoo_inside,GRO,FAS,1
gadhoo_inside,GRO,LEO,1
gadhoo_inside,GRO,LEU,4
gadhoo_inside,GRO,MAC,1
gadhoo_inside,GRO,ROG,3
gadhoo_inside,GRO,SPIL,1
gadhoo_inside,PAR,BIC,3
gadhoo_inside,PAR,DUSKY,7
gadhoo_inside,PAR,FRENATUS,1
gadhoo_inside,PAR,LN,3
gadhoo_inside,PAR,ROSY,1
gadhoo_inside,PAR,SCABER,4
gadhoo_inside,PAR,SHEEP,17
gadhoo_inside,PAR,SORDID,8
gadhoo_inside,SNAP,CHEK,1
gadhoo_inside,SNAP,FUR,3
gadhoo_inside,SL,ORI,2
gadhoo_inside,TRIG,IND,15
gadhoo_inside,TRIG,STR,13
gadhoo_inside,TRIG,SUFB,1
gadhoo_outside,BUT,AUR,4
gadhoo_outside,BUT,CHEV,1
gadhoo_outside,BUT,CIT,6
gadhoo_outside,BUT,COL,4
gadhoo_outside,BUT,FAL,1
gadhoo_outside,BUT,GUT,7
gadhoo_outside,BUT,KLE,21
gadhoo_outside,BUT,LN,1
gadhoo_outside,BUT,MEL,1
gadhoo_outside,BUT,MEY,3
gadhoo_outside,BUT,TRI,1
gadhoo_outside,EMP,MONO,18
gadhoo_outside,GRO,ARG,11
gadhoo_outside,GRO,LEA,1
gadhoo_outside,GRO,LOU,1
gadhoo_outside,GRO,MAC,2
gadhoo_outside,GRO,MIN,10
gadhoo_outside,GRO,POL,1
gadhoo_outside,GRO,SEX,2
gadhoo_outside,GRO,SPIL,1
gadhoo_outside,PAR,3 COLOUR,5
gadhoo_outside,PAR,BARTAIL,2
gadhoo_outside,PAR,EMBER,3
gadhoo_outside,PAR,FRENATUS,6
gadhoo_outside,PAR,LNOSE,6
gadhoo_outside,SNAP,FUR,1
gadhoo_outside,SNAP,KAS,3
gadhoo_outside,SNAP,MID,7
gadhoo_outside,SNAP,MONO,7
gadhoo_outside,SNAP,RED,2
gadhoo_outside,SL,ORI,3
gadhoo_outside,TRIG,CLN,2
gadhoo_outside,TRIG,IND,22
gadhoo_outside,TRIG,NIG,1
gadhoo_outside,TRIG,STR,9
gadhoo_outside,TRIG,SUFB,8
gadhoo_outside,TRIG,SUFF,2
hithadhoo_corner,BUT,CIT,8
hithadhoo_corner,BUT,DECU,2
hithadhoo_corner,BUT,KLE,8
hithadhoo_corner,BUT,TFT,8
hithadhoo_corner,BUT,XAN,1
hithadhoo_corner,GRO,ARG,6
hithadhoo_corner,GRO,COE,1
hithadhoo_corner,GRO,LOU,2
hithadhoo_corner,GRO,MAC,1
hithadhoo_corner,GRO,ROG,3
hithadhoo_corner,PAR,BARTAIL,1
hithadhoo_corner,PAR,BIC,1
hithadhoo_corner,PAR,BLUEBAR,1
hithadhoo_corner,PAR,DUSKY,1
hithadhoo_corner,PAR,ECLIPSE,5
hithadhoo_corner,PAR,EMBER,5
hithadhoo_corner,PAR,GFACE,4
hithadhoo_corner,PAR,SCABER,5
hithadhoo_corner,PAR,SHEEP,1
hithadhoo_corner,PAR,SORDID,17
hithadhoo_corner,SNAP,BLACK,1
hithadhoo_corner,SNAP,MID,1
hithadhoo_corner,SL,ORI,1
hithadhoo_corner,TRIG,CLN,1
hithadhoo_corner,TRIG,FLAV,17
hithadhoo_corner,TRIG,IND,7
hithadhoo_corner,TRIG,RECT,2
hithadhoo_corner,TRIG,STR,2
hithadhoo_corner,TRIG,SUFC,2
hithadhoo_inside,BUT,AUR,3
hithadhoo_inside,BUT,BEN,1
hithadhoo_inside,BUT,CIT,17
hithadhoo_inside,BUT,COL,71
hithadhoo_inside,BUT,GUT,42
hithadhoo_inside,BUT,KLE,4
hithadhoo_inside,BUT,LN,3
hithadhoo_inside,BUT,LUN,7
hithadhoo_inside,BUT,MASK,2
hithadhoo_inside,BUT,MEY,8
hithadhoo_inside,BUT,PHA,5
hithadhoo_inside,BUT,TFT,5
hithadhoo_inside,BUT,TRI,4
hithadhoo_inside,BUT,VLN,1
hithadhoo_inside,BUT,XAN,6
hithadhoo_inside,EMP,HAR,3
hithadhoo_inside,GRO,EPH,30
hithadhoo_inside,GRO,ARE,1
hithadhoo_inside,GRO,ARG,11
hithadhoo_inside,GRO,COE,3
hithadhoo_inside,GRO,FUS,1
hithadhoo_inside,GRO,LEO,3
hithadhoo_inside,GRO,LEU,2
hithadhoo_inside,GRO,MIN,1
hithadhoo_inside,GRO,POL,1
hithadhoo_inside,GRO,ROGA,3
hithadhoo_inside,GRO,SON,2
hithadhoo_inside,PAR,BARTAIL,2
hithadhoo_inside,PAR,BIC,4
hithadhoo_inside,PAR,DUSKY,4
hithadhoo_inside,PAR,ECLIPSE,1
hithadhoo_inside,PAR,FESTIVE,1
hithadhoo_inside,PAR,LNOSE,1
hithadhoo_inside,PAR,SHEEP,4
hithadhoo_inside,SNAP,FUL,6
hithadhoo_inside,SNAP,FUR,2
hithadhoo_inside,SNAP,GIB,4
hithadhoo_inside,SNAP,KAS,40
hithadhoo_inside,SNAP,MAN,23
hithadhoo_inside,SNAP,MID,2
hithadhoo_inside,SNAP,MONOS,11
hithadhoo_inside,SL,GREY,1
hithadhoo_inside,SL,ORI,7
hithadhoo_inside,TRIG,CLN,5
hithadhoo_inside,TRIG,FLAV,18
hithadhoo_inside,TRIG,IND,31
hithadhoo_inside,TRIG,NIG,5
hithadhoo_inside,TRIG,RECT,1
hithadhoo_inside,TRIG,STR,16
hithadhoo_inside,TRIG,SUFB,3
hithadhoo_inside,TRIG,SUFC,1
hithadhoo_inside,TRIG,TIT,4
hithadhoo_west,BUT,AUR,1
hithadhoo_west,BUT,CIT,11
hithadhoo_west,BUT,COL,9
hithadhoo_west,BUT,FAL,4
hithadhoo_west,BUT,GUT,18
hithadhoo_west,BUT,KLE,3
hithadhoo_west,BUT,LUN,18
hithadhoo_west,BUT,MEL,2
hithadhoo_west,BUT,MEY,10
hithadhoo_west,BUT,OXY,2
hithadhoo_west,BUT,PYR,1
hithadhoo_west,BUT,TFT,4
hithadhoo_west,BUT,TRI,2
hithadhoo_west,EMP,HAR,1
hithadhoo_west,EMP,MONO,3
hithadhoo_west,GRO,ARE,4
hithadhoo_west,GRO,ARG,7
hithadhoo_west,GRO,MIN,1
hithadhoo_west,PAR,BARTAIL,1
hithadhoo_west,PAR,BIC,5
hithadhoo_west,PAR,DUSKY,6
hithadhoo_west,PAR,FRENATUS,7
hithadhoo_west,PAR,GFACE,1
hithadhoo_west,PAR,ROSY,1
hithadhoo_west,PAR,SCARBER,1
hithadhoo_west,PAR,SHEEP,7
hithadhoo_west,PAR,SORDID,17
hithadhoo_west,SNAP,RED,2
hithadhoo_west,SNAP,BLACK,14
hithadhoo_west,SNAP,CHEK,1
hithadhoo_west,SNAP,FUR,4
hithadhoo_west,SNAP,GIB,1
hithadhoo_west,SNAP,IND,34
hithadhoo_west,SNAP,MID,9
hithadhoo_west,SNAP,MONOS,48
hithadhoo_west,SNAP,VIR,2
hithadhoo_west,SL,ORI,7
hithadhoo_west,TRIG,CLN,2
hithadhoo_west,TRIG,STR,5
hithadhoo_west,TRIG,SUFB,7
hithadhoo_west,TRIG,TIT,2
hithadhoo_west,TRIG,WHITE,4
kurethi_inside,BUT,AUR,3
kurethi_inside,BUT,FAL,7
kurethi_inside,BUT,LN,1
kurethi_inside,BUT,LUN,5
kurethi_inside,BUT,TFT,29
kurethi_inside,BUT,TRI,11
kurethi_inside,BUT,XAN,5
kurethi_inside,EMP,MONO,8
kurethi_inside,EMP,OBS,1
kurethi_inside,GRO,EPH,2
kurethi_inside,GRO,ARE,2
kurethi_inside,GRO,ARG,17
kurethi_inside,GRO,LEA,1
kurethi_inside,GRO,LEU,2
kurethi_inside,GRO,MIN,2
kurethi_inside,GRO,ROGA,9
kurethi_inside,PAR,EMBER,3
kurethi_inside,PAR,SHEEP,2
kurethi_inside,SNAP,GIB,1
kurethi_inside,SNAP,MONOS,4
kurethi_inside,SNAP,RED,3
kurethi_inside,SL,HAR,1
kurethi_inside,SL,ORI,3
kurethi_inside,TRIG,STR,26
kurethi_outside,BUT,AUR,5
kurethi_outside,BUT,CHEV,1
kurethi_outside,BUT,CIT,2
kurethi_outside,BUT,COL,2
kurethi_outside,BUT,GUT,13
kurethi_outside,BUT,KLE,5
kurethi_outside,BUT,MEY,5
kurethi_outside,BUT,TFT,15
kurethi_outside,BUT,XAN,1
kurethi_outside,EMP,AUR,23
kurethi_outside,EMP,ERY,2
kurethi_outside,EMP,MONO,113
kurethi_outside,EMP,OLI,6
kurethi_outside,GRO,ARG,20
kurethi_outside,GRO,FUS,1
kurethi_outside,GRO,LEA,2
kurethi_outside,GRO,LOU,1
kurethi_outside,GRO,MAC,2
kurethi_outside,GRO,MEL,1
kurethi_outside,GRO,MER,2
kurethi_outside,GRO,ROG,1
kurethi_outside,GRO,SPIL,4
kurethi_outside,PAR,BIC,2
kurethi_outside,PAR,BLUEBAR,8
kurethi_outside,PAR,DUSKY,3
kurethi_outside,PAR,FRENATUS,1
kurethi_outside,PAR,GSNOUT,2
kurethi_outside,PAR,LNOSE,5
kurethi_outside,PAR,SCABER,2
kurethi_outside,PAR,SHEEP,7
kurethi_outside,PAR,SORDID,22
kurethi_outside,SNAP,BLACK,5
kurethi_outside,SNAP,FUL,4
kurethi_outside,SNAP,FUR,6
kurethi_outside,SNAP,GIB,11
kurethi_outside,SNAP,KAS,10
kurethi_outside,SNAP,MID,2
kurethi_outside,SNAP,MONOS,25
kurethi_outside,SNAP,RED,25
kurethi_outside,SL,ORI,7
kurethi_outside,TRIG,CLN,3
kurethi_outside,TRIG,IND,24
kurethi_outside,TRIG,STR,25
kurethi_outside,TRIG,SUFB,21
kurethi_outside,TRIG,TIT,2
laamu_faru_haa,BUT,AUR,1
laamu_faru_haa,BUT,COL,2
laamu_faru_haa,BUT,LN,26
laamu_faru_haa,BUT,LUN,5
laamu_faru_haa,BUT,MEY,1
laamu_faru_haa,BUT,OXY,2
laamu_faru_haa,BUT,PHA,3
laamu_faru_haa,BUT,PYR,5
laamu_faru_haa,BUT,TFT,3
laamu_faru_haa,BUT,TRI,7
laamu_faru_haa,BUT,VLN,3
laamu_faru_haa,EMP,ERY,1
laamu_faru_haa,EMP,MONO,12
laamu_faru_haa,GRO,ARE,2
laamu_faru_haa,GRO,ARG,9
laamu_faru_haa,GRO,LEA,2
laamu_faru_haa,GRO,LEO,3
laamu_faru_haa,GRO,LEU,9
laamu_faru_haa,GRO,LOU,1
laamu_faru_haa,GRO,MIN,2
laamu_faru_haa,GRO,ROG,21
laamu_faru_haa,PAR,BIC,3
laamu_faru_haa,PAR,BLUEBEAR,2
laamu_faru_haa,PAR,DUSKY,1
laamu_faru_haa,PAR,EMBER,1
laamu_faru_haa,PAR,SORDID,1
laamu_faru_haa,SNAP,BLACK,6
laamu_faru_haa,SNAP,FUL,1
laamu_faru_haa,SNAP,FUR,4
laamu_faru_haa,SNAP,IND,6
laamu_faru_haa,SNAP,MID,1
laamu_faru_haa,SNAP,MONOS,1
laamu_faru_haa,SNAP,RED,1
laamu_faru_haa,SNAP,UNKNOWN,1
laamu_faru_haa,SL,ORI,3
laamu_faru_haa,TRIG,STR,36
laamu_faru_haa,TRIG,SUFB,3
maabadhoo_inside,BUT,AUR,5
maabadhoo_inside,BUT,BEN,1
maabadhoo_inside,BUT,COL,2
maabadhoo_inside,BUT,FAL,2
maabadhoo_inside,BUT,GUT,1
maabadhoo_inside,BUT,LN,3
maabadhoo_inside,BUT,LUN,18
maabadhoo_inside,BUT,MEY,1
maabadhoo_inside,BUT,PHA,2
maabadhoo_inside,BUT,PYR,2
maabadhoo_inside,BUT,TFT,13
maabadhoo_inside,BUT,TRI,9
maabadhoo_inside,BUT,XAN,6
maabadhoo_inside,EMP,MONO,49
maabadhoo_inside,GRO,ARG,14
maabadhoo_inside,GRO,COE,1
maabadhoo_inside,GRO,LEA,1
maabadhoo_inside,GRO,LEO,4
maabadhoo_inside,GRO,LEU,3
maabadhoo_inside,GRO,MIN,4
maabadhoo_inside,GRO,ROG,5
maabadhoo_inside,PAR,BIC,2
maabadhoo_inside,PAR,DUSKY,10
maabadhoo_inside,PAR,GFACE,1
maabadhoo_inside,PAR,SHEEP,1
maabadhoo_inside,PAR,SORDID,10
maabadhoo_inside,SNAP,FUR,2
maabadhoo_inside,SNAP,KAS,15
maabadhoo_inside,SNAP,MID,1
maabadhoo_inside,SNAP,RED,1
maabadhoo_inside,SNAP,UNKNOWN,2
maabadhoo_inside,SL,ORI,1
maabadhoo_inside,TRIG,FLAV,5
maabadhoo_inside,TRIG,IND,34
maabadhoo_inside,TRIG,STR,14
maabadhoo_inside,TRIG,SUFB,5
maabadhoo_inside,TRIG,TIT,2
maabadhoo_outside,BUT,AUR,2
maabadhoo_outside,BUT,COL,2
maabadhoo_outside,BUT,GUT,8
maabadhoo_outside,BUT,KLE,2
maabadhoo_outside,BUT,MEY,4
maabadhoo_outside,BUT,PHA,1
maabadhoo_outside,BUT,TFT,5
maabadhoo_outside,BUT,XAN,2
maabadhoo_outside,EMP,MONO,3
maabadhoo_outside,GRO,ARG,14
maabadhoo_outside,GRO,BOE,1
maabadhoo_outside,GRO,COE,2
maabadhoo_outside,GRO,FAS,1
maabadhoo_outside,GRO,LEO,2
maabadhoo_outside,GRO,LEU,5
maabadhoo_outside,GRO,MAC,2
maabadhoo_outside,GRO,MEL,4
maabadhoo_outside,GRO,MER,1
maabadhoo_outside,GRO,ROG,3
maabadhoo_outside,GRO,SON,1
maabadhoo_outside,GRO,SPIL,2
maabadhoo_outside,PAR,3COLOUR,7
maabadhoo_outside,PAR,BARTAIL,4
maabadhoo_outside,PAR,BIC,1
maabadhoo_outside,PAR,DUSKY+C487,3
maabadhoo_outside,PAR,GFACE,2
maabadhoo_outside,PAR,GSNOUT,5
maabadhoo_outside,PAR,ROSY,1
maabadhoo_outside,PAR,SHEEP,1
maabadhoo_outside,PAR,SORDID,78
maabadhoo_outside,SNAP,FUR,1
maabadhoo_outside,SNAP,KAS,164
maabadhoo_outside,SL,ORI,1
maabadhoo_outside,TRIG,CLN,1
maabadhoo_outside,TRIG,IND,29
maabadhoo_outside,TRIG,STR,30
maabadhoo_outside,TRIG,WHITE,4
maavah_corner,BUT,AUR,4
maavah_corner,BUT,CHEV,2
maavah_corner,BUT,COL,2
maavah_corner,BUT,FAL,2
maavah_corner,BUT,GUT,30
maavah_corner,BUT,KLE,20
maavah_corner,BUT,LN,5
maavah_corner,BUT,LUN,8
maavah_corner,BUT,MEY,7
maavah_corner,BUT,PYR,28
maavah_corner,BUT,TRI,5
maavah_corner,EMP,MONO,4
maavah_corner,GRO,ALBO,6
maavah_corner,GRO,ARG,19
maavah_corner,GRO,COE,1
maavah_corner,GRO,FUS,1
maavah_corner,GRO,LEO,3
maavah_corner,GRO,LEU,2
maavah_corner,GRO,MIN,25
maavah_corner,GRO,ROG,3
maavah_corner,GRO,SPIL,3
maavah_corner,PAR,BARTAIL,4
maavah_corner,PAR,BIC,11
maavah_corner,PAR,BLUEBAR,5
maavah_corner,PAR,DUSKY,2
maavah_corner,PAR,FRENATUS,1
maavah_corner,PAR,LNOSE,6
maavah_corner,PAR,ROSY,2
maavah_corner,PAR,SHEEP,8
maavah_corner,PAR,SORDID,10
maavah_corner,SNAP,BLACK,2
maavah_corner,SNAP,FUR,2
maavah_corner,SNAP,MID,4
maavah_corner,SNAP,MONOS,4
maavah_corner,SL,GIB,7
maavah_corner,SL,ORI,45
maavah_corner,TRIG,CLN,2
maavah_corner,TRIG,IND,40
maavah_corner,TRIG,STR,13
maavah_corner,TRIG,SUFB,23
maavah_corner,TRIG,SUFC,1
maavah_corner,TRIG,TIT,1
maavah_inside,BUT,AUR,1
maavah_inside,BUT,LN,1
maavah_inside,BUT,TFT,5
maavah_inside,BUT,TRI,4
maavah_inside,EMP,LMIC,1
maavah_inside,EMP,MONO,20
maavah_inside,EMP,OLI,1
maavah_inside,GRO,EPH,1
maavah_inside,GRO,ARG,11
maavah_inside,GRO,LEA,1
maavah_inside,GRO,LEU,2
maavah_inside,GRO,ROG,11
maavah_inside,GRO,SPIL,2
maavah_inside,PAR,3COLOUR,1
maavah_inside,PAR,BIC,1
maavah_inside,PAR,DUSKY,33
maavah_inside,PAR,ECLIPSE,1
maavah_inside,PAR,LNOSE,5
maavah_inside,PAR,SCABER,14
maavah_inside,PAR,SORDID,40
maavah_inside,SNAP,FUR,2
maavah_inside,SNAP,GIB,10
maavah_inside,SNAP,MONOS,35
maavah_inside,SL,ORI,1
maavah_inside,TRIG,STR,8
maavah_outside,BUT,AUR,3
maavah_outside,BUT,CIT,16
maavah_outside,BUT,COL,6
maavah_outside,BUT,FAL,1
maavah_outside,BUT,GUT,19
maavah_outside,BUT,KLE,19
maavah_outside,BUT,LUN,1
maavah_outside,BUT,MEY,10
maavah_outside,BUT,PHA,2
maavah_outside,BUT,TFT,3
maavah_outside,BUT,TRI,1
maavah_outside,EMP,MONO,8
maavah_outside,GRO,ARE,5
maavah_outside,GRO,ARG,19
maavah_outside,GRO,LEA,3
maavah_outside,GRO,LEO,3
maavah_outside,GRO,MAC,2
maavah_outside,GRO,MEL,2
maavah_outside,GRO,MIN,2
maavah_outside,GRO,ROG,7
maavah_outside,GRO,SON,24
maavah_outside,GRO,SPIL,13
maavah_outside,PAR,3COLOUR,4
maavah_outside,PAR,DUSKY,1
maavah_outside,PAR,EMBER,3
maavah_outside,PAR,GFACE,5
maavah_outside,PAR,SCABER,10
maavah_outside,PAR,SHEEP,10
maavah_outside,PAR,SORDID,26
maavah_outside,SNAP,BLACK,63
maavah_outside,SNAP,CHEK,3
maavah_outside,SNAP,FUR,2
maavah_outside,SNAP,GIB,1670
maavah_outside,SNAP,MID,30
maavah_outside,SNAP,MONOS,47
maavah_outside,SNAP,RED,44
maavah_outside,SL,HAR,1
maavah_outside,SL,ORI,24
maavah_outside,TRIG,IND,25
maavah_outside,TRIG,STR,21
maavah_outside,TRIG,SUFC,1
maavah_outside,TRIG,WHITE,17
olhuveli_corner,BUT,CIT,19
olhuveli_corner,BUT,DECU,2
olhuveli_corner,BUT,FAL,2
olhuveli_corner,BUT,KLE,21
olhuveli_corner,BUT,LUN,2
olhuveli_corner,BUT,MEY,2
olhuveli_corner,BUT,PYR,1
olhuveli_corner,BUT,TFT,3
olhuveli_corner,GRO,ARG,5
olhuveli_corner,GRO,FAS,1
olhuveli_corner,GRO,MIN,3
olhuveli_corner,PAR,3COLOUR,2
olhuveli_corner,PAR,BIC,1
olhuveli_corner,PAR,DUSKY,2
olhuveli_corner,PAR,EMBER,8
olhuveli_corner,PAR,GFACE,10
olhuveli_corner,PAR,ROSY,1
olhuveli_corner,PAR,SORDID,17
olhuveli_corner,SNAP,VIR,1
olhuveli_corner,TRIG,CIN,1
olhuveli_corner,TRIG,CLN,3
olhuveli_corner,TRIG,IND,9
olhuveli_corner,TRIG,STR,6
olhuveli_corner,TRIG,SUFB,1
olhuveli_corner,TRIG,SUFF,3
olhuveli_corner,TRIG,UNKNOWN,2
olhuveli_island,BUT,AUR,26
olhuveli_island,BUT,FAL,2
olhuveli_island,BUT,LUN,4
olhuveli_island,BUT,MEL,6
olhuveli_island,BUT,MEY,1
olhuveli_island,BUT,PYR,9
olhuveli_island,BUT,TFT,9
olhuveli_island,BUT,TRI,8
olhuveli_island,EMP,GRA,22
olhuveli_island,EMP,OBS,3
olhuveli_island,GRO,EPH,5
olhuveli_island,GRO,COE,1
olhuveli_island,GRO,FUS,4
olhuveli_island,GRO,LEO,2
olhuveli_island,GRO,MIN,2
olhuveli_island,GRO,ROG,8
olhuveli_island,GRO,ARG,13
olhuveli_island,GRO,LEA,1
olhuveli_island,GRO,LEU,5
olhuveli_island,GRO,SON,3
olhuveli_island,PAR,BIC,5
olhuveli_island,PAR,DUSKY,4
olhuveli_island,PAR,STEEPHEAD,2
olhuveli_island,PAR,SORDID,2
olhuveli_island,SNAP,FUL,2
olhuveli_island,SNAP,FUR,4
olhuveli_island,SNAP,GIB,14
olhuveli_island,SNAP,KAS,13
olhuveli_island,SNAP,MONOS,10
olhuveli_island,TRIG,STR,20
olhuveli_island,TRIG,SUFB,4
olhuveli_island,TRIG,SUFC,3
olhuveli_island,TRIG,TIT,1
pink_thila,BUT,AUR,2
pink_thila,BUT,FAL,4
pink_thila,BUT,GUT,4
pink_thila,BUT,INT,2
pink_thila,BUT,KLE,3
pink_thila,BUT,LN,15
pink_thila,BUT,MEL,5
pink_thila,BUT,MEY,4
pink_thila,BUT,PHA,4
pink_thila,BUT,PYR,3
pink_thila,BUT,TFT,14
pink_thila,BUT,TRI,3
pink_thila,BUT,XAN,3
pink_thila,EMP,LMIC,1
pink_thila,GRO,ARE,8
pink_thila,GRO,ARG,3
pink_thila,GRO,COE,2
pink_thila,GRO,LOU,1
pink_thila,PAR,BIC,1
pink_thila,PAR,DUSKY,13
pink_thila,PAR,LNOSE,2
pink_thila,PAR,ROSY,1
pink_thila,PAR,SHEEP,11
pink_thila,PAR,SORDID,8
pink_thila,SNAP,GIB,2
pink_thila,SNAP,KAS,5
pink_thila,SNAP,MONOS,40
pink_thila,TRIG,STR,10
pink_thila,TRIG,SUFB,2
rah_dashu_haa,BUT,AUR,2
rah_dashu_haa,BUT,COL,10
rah_dashu_haa,BUT,FAL,2
rah_dashu_haa,BUT,GUT,6
rah_dashu_haa,BUT,KLE,39
rah_dashu_haa,BUT,LN,30
rah_dashu_haa,BUT,LUN,4
rah_dashu_haa,BUT,MADA,6
rah_dashu_haa,BUT,MEY,1
rah_dashu_haa,BUT,PYR,2
rah_dashu_haa,BUT,TFT,16
rah_dashu_haa,BUT,TRI,7
rah_dashu_haa,BUT,XAN,1
rah_dashu_haa,EMP,AUR,2
rah_dashu_haa,EMP,ERY,3
rah_dashu_haa,EMP,LMIC,1
rah_dashu_haa,EMP,MONO,20
rah_dashu_haa,GRO,ALBO,8
rah_dashu_haa,GRO,ARG,10
rah_dashu_haa,GRO,C.NIGRIPINNIS,2
rah_dashu_haa,GRO,LEA,1
rah_dashu_haa,GRO,LEO,3
rah_dashu_haa,GRO,LEU,5
rah_dashu_haa,GRO,LOU,1
rah_dashu_haa,GRO,MIN,33
rah_dashu_haa,GRO,ROG,21
rah_dashu_haa,PAR,3COLOUR,3
rah_dashu_haa,PAR,BARTAIL,2
rah_dashu_haa,PAR,BIC,1
rah_dashu_haa,PAR,DUSKY,10
rah_dashu_haa,PAR,ROSY,2
rah_dashu_haa,PAR,SORDID,27
rah_dashu_haa,SNAP,IND,12
rah_dashu_haa,SNAP,MID,1
rah_dashu_haa,SNAP,MONOS,5
rah_dashu_haa,SNAP,RED,4
rah_dashu_haa,TRIG,STR,21
rah_dashu_haa,TRIG,SUFB,10
